<?xml version="1.0" encoding="utf-8"?>
<odoo>
    <data noupdate="1">
        <record id="only_active_modify" model="ir.rule">
            <field name="name">Only Active Course can be modify</field>
            <field name="model_id" ref="model_academy_course"/>
            <field name="domain_force">[('active', '=', True)]</field>
            <field name="perm_read">0</field>
            <field name="perm_write">1  </field>
            <field name="perm_create">0</field>
            <field name="perm_unlink">1</field>
        </record>
    </data>
</odoo>
