id,name,model_id/id,group_id/id,perm_read,perm_write,perm_create,perm_unlink
course_user,course user,model_academy_course,group_academy_user,1,1,0,0
course_admin,course admin,model_academy_course,group_academy_admin,1,1,1,1
course_read_all,course read all,model_academy_course,,1,0,0,0
session_user,session user,model_academy_session,group_academy_user,1,1,0,0
session_admin,session admin,model_academy_session,group_academy_admin,1,1,1,1
session_read_all,session read all,model_academy_session,,1,0,0,0
