<?xml version="1.0" encoding="utf-8"?>
<odoo>
    <data>
        <record id="course_01" model="academy.course">
            <field name="name">Odoo Functional</field>
            <field name="description">Learn about Odoo ERP</field>
            <field name="level">beginner</field>
        </record>
        <record id="course_02" model="academy.course">
            <field name="name">Odoo Developer</field>
            <field name="description">Learn about technical Odoo ERP</field>
            <field name="level">intermediate</field>
        </record>
        <record id="course_01" model="academy.course">
            <field name="name">Odoo Project Manager</field>
            <field name="description">Learn about PM in project Odoo ERP</field>
            <field name="level">advanced</field>
        </record>
    </data>
</odoo>
